zipcode,location_id,size,latitude,longitude,cap_total,cap_u5,build_cost
10001,59,large,40.74538880584097,-73.99107040799531,400,200,115000
10001,99,large,40.74340796425707,-73.99703212929596,400,200,115000
10002,119,large,40.711057771300545,-73.9833989480507,400,200,115000
10002,156,large,40.72480971326938,-73.99577098278606,400,200,115000
10002,186,large,40.72398321818175,-73.98757375551953,400,200,115000
10003,200,large,40.73315760541562,-73.99899872608688,400,200,115000
10003,201,large,40.73081652391714,-73.98502459218118,400,200,115000
10003,297,large,40.72889787807572,-73.9879909882258,400,200,115000
10003,299,large,40.721689249346184,-73.99121555232684,400,200,115000
10004,399,large,40.72204566302471,-74.00069860101684,400,200,115000
10004,319,small,40.7060158920104,-74.01474622275953,100,50,65000
10005,463,large,40.698606995137425,-74.00713433151662,400,200,115000
10005,494,large,40.71557053155416,-74.01566848005268,400,200,115000
10006,599,small,40.71523094361238,-74.01793899523396,100,50,65000
10007,698,large,40.71832396225862,-74.0073978438571,400,200,115000
10007,699,large,40.716777280734455,-74.00696453738601,400,200,115000
10009,702,large,40.72827565807685,-73.98188344060516,400,200,115000
10009,704,large,40.73501900659756,-73.97808731854279,400,200,115000
10009,705,large,40.72848735023536,-73.98824288364592,400,200,115000
10009,769,large,40.723522351001485,-73.97174720393906,400,200,115000
10009,798,large,40.71996799045566,-73.98088317573723,400,200,115000
10010,800,large,40.74523366441694,-73.97468182404445,400,200,115000
10010,802,large,40.73968322528711,-73.97206849711401,400,200,115000
10010,871,large,40.731061317725114,-73.9718413276544,400,200,115000
10010,872,large,40.73426874839557,-73.97899153188074,400,200,115000
10010,899,large,40.74317673381684,-73.97700135202162,400,200,115000
10011,902,large,40.732045591953266,-73.99588974561908,400,200,115000
10011,903,large,40.74452047841767,-73.99235667465916,400,200,115000
10011,904,large,40.7403608867773,-74.00037811999394,400,200,115000
10012,1074,large,40.71713550356415,-73.99501017547101,400,200,115000
10012,1099,large,40.73177090034835,-73.99435199243268,400,200,115000
10013,1192,large,40.72283950145963,-74.00081034012472,400,200,115000
10013,1194,large,40.71008474051881,-74.01213653961447,400,200,115000
10013,1198,large,40.727517862207414,-73.99981817838207,400,200,115000
10013,1199,large,40.72005461882819,-74.00046264048095,400,200,115000
10014,1295,large,40.7427336621165,-74.01015642957411,400,200,115000
10016,1393,large,40.74726282942379,-73.98775314506386,400,200,115000
10016,1394,large,40.734645793054824,-73.97676207142399,400,200,115000
10016,1395,large,40.746965848847566,-73.98559156238169,400,200,115000
10016,1396,large,40.74650924304167,-73.9832929617916,400,200,115000
10016,1397,large,40.74103442684921,-73.9799233683923,400,200,115000
10016,1399,large,40.75377528907256,-73.9791999662182,400,200,115000
10017,1401,large,40.758061147930945,-73.96621542788883,400,200,115000
10018,1577,large,40.75883571443059,-73.9915959760567,400,200,115000
10019,1600,large,40.7609528409948,-73.98446963451457,400,200,115000
10019,1601,large,40.757848288528,-73.98880575630544,400,200,115000
10019,1602,large,40.756164327583235,-73.98821863712436,400,200,115000
10021,1762,large,40.77180186528191,-73.95658594639083,400,200,115000
10021,1764,large,40.76458838278539,-73.96169062945307,400,200,115000
10021,1768,large,40.76959016794607,-73.9650546694748,400,200,115000
10021,1783,large,40.77535542710691,-73.95765744388396,400,200,115000
10021,1798,large,40.75853922563817,-73.96216057818715,400,200,115000
10021,1799,large,40.77526411139082,-73.95977103301445,400,200,115000
10022,1866,large,40.755003874411585,-73.96673190110828,400,200,115000
10022,1869,large,40.76324301253904,-73.97092552667108,400,200,115000
10022,1873,large,40.7601063795722,-73.96814209534064,400,200,115000
10022,1899,large,40.7517129704641,-73.96470549775518,400,200,115000
10022,1863,small,40.75554012928983,-73.96282772254565,100,50,65000
10023,1984,large,40.766553658363904,-73.99061470531713,400,200,115000
10023,1985,large,40.780357279637336,-73.98373874285755,400,200,115000
10023,1986,large,40.78537277920029,-73.97448466864795,400,200,115000
10023,1987,large,40.77192915792802,-73.98514568139882,400,200,115000
10023,1989,large,40.773794438155306,-73.97669186589289,400,200,115000
10023,1990,large,40.784890082152046,-73.97923013870592,400,200,115000
10023,1991,large,40.77101807155508,-73.97631478968307,400,200,115000
10023,1992,large,40.77481052322828,-73.97873906840175,400,200,115000
10023,1993,large,40.776127072327675,-73.97388270191165,400,200,115000
10023,1994,large,40.76776750481038,-73.98958406591184,400,200,115000
10023,1997,large,40.780258351047,-73.98833688503464,400,200,115000
10024,2000,large,40.78373560439104,-73.98044751640671,400,200,115000
10024,2002,large,40.78104392092595,-73.97114145323957,400,200,115000
10024,2004,large,40.78197020601756,-73.9806394634133,400,200,115000
10024,2005,large,40.79332609873392,-73.97057432687099,400,200,115000
10024,2007,large,40.78277756706422,-73.97455563450035,400,200,115000
10024,2009,large,40.78659124057289,-73.96863933726934,400,200,115000
10024,2010,large,40.78939581713417,-73.97568899735916,400,200,115000
10024,2011,large,40.77782444922284,-73.98287969576444,400,200,115000
10024,2091,large,40.78998364665407,-73.96950910904806,400,200,115000
10024,2092,large,40.78825795524802,-73.97594030669441,400,200,115000
10024,2093,large,40.7785921802454,-73.98346919076893,400,200,115000
10024,2098,large,40.793975025021325,-73.96789687639856,400,200,115000
10024,2099,large,40.791386737008374,-73.98622726816566,400,200,115000
10025,2151,large,40.79173387283226,-73.96461453909691,400,200,115000
10025,2154,large,40.79091899108455,-73.97200481495199,400,200,115000
10025,2157,large,40.803035283365105,-73.97192772289462,400,200,115000
10025,2162,large,40.792288547880766,-73.97013145398874,400,200,115000
10025,2163,large,40.80192185103363,-73.95959399183226,400,200,115000
10025,2165,large,40.80493579170229,-73.96649665639367,400,200,115000
10025,2176,large,40.78851595279807,-73.96609113494745,400,200,115000
10025,2180,large,40.79735012178766,-73.97620524412118,400,200,115000
10025,2186,large,40.80628735389576,-73.96166081878906,400,200,115000
10025,2193,large,40.80220942936404,-73.97414080283855,400,200,115000
10025,2198,large,40.795007784379806,-73.97571060955096,400,200,115000
10025,2199,large,40.78780812891654,-73.97056515327824,400,200,115000
10026,2200,large,40.80675476934289,-73.94328896532342,400,200,115000
10026,2202,large,40.7988333368209,-73.96126137841604,400,200,115000
10026,2204,large,40.804371548244745,-73.96284461944975,400,200,115000
10026,2280,large,40.80624295252147,-73.96187500707798,400,200,115000
10026,2299,large,40.79708359780761,-73.95707801085342,400,200,115000
10027,2334,large,40.82133561525013,-73.95538085031822,400,200,115000
10027,2335,large,40.8066204507609,-73.96369216958576,400,200,115000
10027,2347,large,40.80741958875221,-73.94665796064666,400,200,115000
10027,2356,large,40.808573263091155,-73.95276903239065,400,200,115000
10027,2393,large,40.8192308519211,-73.9639036834638,400,200,115000
10027,2394,large,40.81921716029263,-73.96142078697359,400,200,115000
10027,2396,large,40.80825844807596,-73.9458298056097,400,200,115000
10027,2398,large,40.80565366308314,-73.95782018942603,400,200,115000
10028,2493,large,40.77599954216695,-73.95727048012394,400,200,115000
10028,2495,large,40.76746493392655,-73.9561585371916,400,200,115000
10028,2496,large,40.780101002755245,-73.95089861945392,400,200,115000
10028,2497,large,40.77496437200287,-73.9608153426827,400,200,115000
10028,2499,large,40.77597393228939,-73.95610898538098,400,200,115000
10028,2498,small,40.76909056102518,-73.94896954254565,100,50,65000
10029,2558,large,40.78646954885877,-73.9392330200057,400,200,115000
10029,2562,large,40.79896328537744,-73.93912065516453,400,200,115000
10029,2563,large,40.78852987616715,-73.93719568065953,400,200,115000
10029,2565,large,40.791317521253305,-73.95353075162686,400,200,115000
10029,2566,large,40.78481050139313,-73.95299173600944,400,200,115000
10029,2569,large,40.79497404807877,-73.93810584617968,400,200,115000
10029,2573,large,40.80120209048778,-73.94194460708269,400,200,115000
10029,2575,large,40.78211115753806,-73.95180575426436,400,200,115000
10029,2576,large,40.78917428888235,-73.93805550997173,400,200,115000
10029,2577,large,40.787886318127434,-73.95354256216503,400,200,115000
10030,2601,large,40.80877536264392,-73.94486428992506,400,200,115000
10030,2602,large,40.81784188803055,-73.94955281549045,400,200,115000
10030,2696,large,40.81000848585942,-73.95124034167898,400,200,115000
10030,2697,large,40.82794628424689,-73.9446128122791,400,200,115000
10030,2699,large,40.81147792876989,-73.95008896593897,400,200,115000
10031,2700,large,40.818853923052494,-73.9485932437754,400,200,115000
10031,2701,large,40.825530671747515,-73.95412823135426,400,200,115000
10031,2702,large,40.81548348479416,-73.95421943899775,400,200,115000
10031,2795,large,40.82782573114052,-73.95892390686986,400,200,115000
10031,2797,large,40.829810349544374,-73.95418965372805,400,200,115000
10032,2800,large,40.84126788557343,-73.9420791587939,400,200,115000
10032,2801,large,40.82875272643109,-73.94480702237962,400,200,115000
10033,2961,large,40.84999222872961,-73.93229772427345,400,200,115000
10033,2963,large,40.8401206044935,-73.9320659690686,400,200,115000
10033,2964,large,40.84608786995039,-73.92801271806074,400,200,115000
10033,2977,large,40.84396216671671,-73.94484382899356,400,200,115000
10033,2998,large,40.8450462039492,-73.92915813950118,400,200,115000
10034,3080,large,40.87478856728914,-73.9172091462483,400,200,115000
10034,3087,large,40.86980922469714,-73.91287946125281,400,200,115000
10034,3091,large,40.86176919190781,-73.9139110035445,400,200,115000
10035,3118,large,40.80830886160383,-73.9331855389805,400,200,115000
10035,3171,large,40.802604115888656,-73.9332890760739,400,200,115000
10035,3172,large,40.80039411341597,-73.93134461942952,400,200,115000
10035,3173,large,40.80374013625702,-73.93518259442048,400,200,115000
10035,3182,large,40.80670663011594,-73.92938650968736,400,200,115000
10035,3188,large,40.791122440787404,-73.93053888379337,400,200,115000
10036,3283,large,40.75300714398779,-73.99645109512635,400,200,115000
10036,3299,large,40.75082086280756,-73.99494904008425,400,200,115000
10037,3392,large,40.80877592885344,-73.93233334783153,400,200,115000
10037,3399,large,40.80941073985663,-73.93559194403947,400,200,115000
10037,3383,medium,40.81259246381257,-73.92924262080894,200,100,95000
10038,3400,large,40.712804787870894,-74.00106050150083,400,200,115000
10038,3499,large,40.71088289193185,-73.9945556294234,400,200,115000
10039,3501,large,40.83054670258912,-73.9441535178994,400,200,115000
10039,3502,large,40.81798559078954,-73.94097946749761,400,200,115000
10039,3503,large,40.82331270689444,-73.94588951793844,400,200,115000
10039,3599,large,40.819086140249475,-73.93234166718253,400,200,115000
10040,3696,large,40.858169910178844,-73.92275773478026,400,200,115000
10044,3701,large,40.75783932512573,-73.94192372576833,400,200,115000
10044,3797,large,40.76002816943679,-73.95023190994377,400,200,115000
10044,3799,large,40.7669612795671,-73.94185987996713,400,200,115000
10065,3884,large,40.76713759796277,-73.95455504615086,400,200,115000
10065,3885,large,40.76255269181022,-73.96118326032668,400,200,115000
10065,3888,large,40.76440212225799,-73.97271742305797,400,200,115000
10065,3890,large,40.774992366412306,-73.96461127082492,400,200,115000
10065,3891,large,40.767603832061695,-73.95676615142396,400,200,115000
10065,3894,large,40.765649793895456,-73.95608441476381,400,200,115000
10065,3899,large,40.76984582283468,-73.96929603126944,400,200,115000
10069,3926,large,40.77756775939002,-73.98515736861434,400,200,115000
10069,3940,large,40.7693184890739,-73.9900053831134,400,200,115000
10069,3917,small,40.77435509641021,-73.99814376995667,100,50,65000
10075,4062,large,40.7077504140692,-73.99994298619178,400,200,115000
10075,4063,large,40.718501860597954,-73.99788403180203,400,200,115000
10075,4098,large,40.72193763870268,-74.00348248911389,400,200,115000
10075,4099,large,40.711788724556584,-73.9963557567177,400,200,115000
10128,4100,large,40.77579903594584,-73.95156731914722,400,200,115000
10128,4189,large,40.787805167266114,-73.94250291174555,400,200,115000
10128,4190,large,40.779286017739985,-73.96086606220979,400,200,115000
10128,4191,large,40.78837034896663,-73.95443927807675,400,200,115000
10128,4192,large,40.789308392210906,-73.94689207207371,400,200,115000
10128,4193,large,40.78206782108197,-73.95098356303778,400,200,115000
10128,4194,large,40.79139410417733,-73.95700499925499,400,200,115000
10128,4195,large,40.779145685449166,-73.9517010127448,400,200,115000
10128,4198,large,40.77587661865898,-73.94841863510273,400,200,115000
10128,4165,small,40.772030958169815,-73.94643006507049,100,50,65000
10162,4246,medium,40.77470960468111,-73.94275807480189,200,100,95000
10280,4306,large,40.70414703726794,-74.01695982686483,400,200,115000
10282,4499,large,40.71413955264497,-74.0098205456485,400,200,115000
10282,4439,small,40.71294178795702,-74.0154664708304,100,50,65000
10301,4501,large,40.63638364526095,-74.09578817913398,400,200,115000
10301,4503,large,40.630622509726194,-74.09735779403441,400,200,115000
10301,4594,large,40.63086436034812,-74.09106877625125,400,200,115000
10301,4595,large,40.62941968134183,-74.08742014034583,400,200,115000
10301,4597,large,40.63800655968225,-74.09025281612502,400,200,115000
10301,4598,large,40.632222808781734,-74.0856419162354,400,200,115000
10301,4599,large,40.636284591089286,-74.08992005168511,400,200,115000
10302,4600,large,40.63576250832066,-74.13783362977273,400,200,115000
10302,4698,large,40.621543541182966,-74.13157891511509,400,200,115000
10302,4699,large,40.63157300480376,-74.13617228032795,400,200,115000
10303,4799,large,40.638374702929454,-74.15935468722199,400,200,115000
10304,4823,large,40.61378092710745,-74.07996930224381,400,200,115000
10304,4870,large,40.610329560069765,-74.08953309813485,400,200,115000
10304,4884,large,40.60931045317523,-74.09648581452808,400,200,115000
10304,4892,large,40.61140128632379,-74.0857059604121,400,200,115000
10304,4897,large,40.60243762782947,-74.09316557830465,400,200,115000
10305,4901,large,40.59739359392282,-74.07499335850544,400,200,115000
10305,4989,large,40.58894436396142,-74.07357056573039,400,200,115000
10305,4991,large,40.59970101471546,-74.0856389700058,400,200,115000
10305,4992,large,40.597399592441086,-74.06928569477171,400,200,115000
10305,4996,medium,40.58975935033784,-74.07294644585912,200,100,95000
10306,5005,large,40.572966384552366,-74.11521395203604,400,200,115000
10306,5011,large,40.5605824395485,-74.11545358294107,400,200,115000
10306,5012,large,40.55849904151503,-74.11368187104496,400,200,115000
10306,5054,large,40.564438257758475,-74.12699607971521,400,200,115000
10306,5055,large,40.56234567629568,-74.11327578261039,400,200,115000
10306,5057,large,40.55843493615954,-74.11777681820024,400,200,115000
10306,5072,large,40.56583963424102,-74.11541367685167,400,200,115000
10306,5073,large,40.56217542106111,-74.11506918527762,400,200,115000
10307,5100,large,40.50372124533433,-74.24520702972005,400,200,115000
10307,5154,large,40.512263935077975,-74.23867538602583,400,200,115000
10307,5169,large,40.50610870396887,-74.23543374941681,400,200,115000
10307,5163,medium,40.51241587175788,-74.24583098427509,200,100,95000
10308,5293,large,40.54512851504686,-74.15859455535752,400,200,115000
10308,5294,large,40.54619110915983,-74.1600342108111,400,200,115000
10308,5299,large,40.56070098373296,-74.16123115379582,400,200,115000
10308,5251,small,40.54515154569105,-74.14511912009807,100,50,65000
10309,5351,large,40.52876178124296,-74.20880626003519,400,200,115000
10309,5353,large,40.54422283731124,-74.22150597684649,400,200,115000
10309,5357,large,40.52980240943039,-74.20961902204299,400,200,115000
10309,5396,large,40.53760377751621,-74.2185879308759,400,200,115000
10309,5397,large,40.54085620512405,-74.21754880531698,400,200,115000
10309,5399,large,40.53654518257912,-74.21411112333622,400,200,115000
10309,5330,small,40.53915432984804,-74.21077012416217,100,50,65000
10310,5400,large,40.641242986307034,-74.11066700479938,400,200,115000
10310,5401,large,40.62462128866687,-74.12462681793687,400,200,115000
10310,5402,large,40.6417101420105,-74.10839922230306,400,200,115000
10310,5497,large,40.63476382202069,-74.11997801134675,400,200,115000
10310,5498,large,40.63316304871201,-74.11052376052153,400,200,115000
10310,5499,large,40.6294781280213,-74.11228444308793,400,200,115000
10312,5501,large,40.54374734912622,-74.18154515211239,400,200,115000
10312,5503,large,40.545898160906624,-74.18435803348378,400,200,115000
10312,5505,large,40.54937225926394,-74.17844781356047,400,200,115000
10312,5506,large,40.53943751148934,-74.18786190933255,400,200,115000
10312,5507,large,40.53846978054151,-74.18331931120507,400,200,115000
10312,5509,large,40.544597653187004,-74.18612333032426,400,200,115000
10312,5511,large,40.54308359160048,-74.18582855286532,400,200,115000
10312,5593,large,40.540442933239305,-74.18044132567341,400,200,115000
10312,5594,large,40.552681302051525,-74.17994426427114,400,200,115000
10312,5596,large,40.539116005970826,-74.18216420286223,400,200,115000
10312,5597,large,40.54001686983885,-74.17122568854923,400,200,115000
10314,5600,large,40.61287998579881,-74.15088616100581,400,200,115000
10314,5601,large,40.613496693939034,-74.15192684388632,400,200,115000
10314,5602,large,40.60905712999905,-74.14110415864126,400,200,115000
10314,5604,large,40.6078584214008,-74.15055827640532,400,200,115000
10314,5606,large,40.604306198613905,-74.14609714363958,400,200,115000
10314,5608,large,40.602968094534496,-74.13946465005216,400,200,115000
10314,5609,large,40.59953994727801,-74.14871458050393,400,200,115000
10314,5610,large,40.60327841106863,-74.15304780413088,400,200,115000
10314,5611,large,40.61093988615281,-74.15479975612342,400,200,115000
10314,5613,large,40.59844037044465,-74.14733866804183,400,200,115000
10314,5692,large,40.60970458916414,-74.13894212714422,400,200,115000
10314,5693,large,40.607798914775415,-74.147784822494,400,200,115000
10314,5696,large,40.60095927370588,-74.14312784861835,400,200,115000
10314,5697,large,40.60462971159174,-74.14382228877031,400,200,115000
10314,5698,large,40.61199140435448,-74.14191557875246,400,200,115000
10314,5699,large,40.60107728757337,-74.15284857031074,400,200,115000
10451,5745,large,40.81359234418813,-73.9194171876867,400,200,115000
10451,5746,large,40.83122641574408,-73.93059406599457,400,200,115000
10451,5757,large,40.83038949702991,-73.91456802521759,400,200,115000
10451,5764,large,40.82805728546094,-73.9260304294943,400,200,115000
10451,5776,large,40.81659777977013,-73.91837083314373,400,200,115000
10452,5804,large,40.84587907846747,-73.93157383627357,400,200,115000
10452,5805,large,40.82780533448299,-73.92202661682425,400,200,115000
10453,5900,large,40.85950498422632,-73.91833725553518,400,200,115000
10453,5949,large,40.84514794374941,-73.91574643961705,400,200,115000
10454,6071,large,40.804150856249514,-73.92532499887412,400,200,115000
10454,6079,large,40.80722000762807,-73.91100788983199,400,200,115000
10454,6080,large,40.811275461247945,-73.9280332552555,400,200,115000
10454,6083,large,40.80518269925925,-73.92163039664483,400,200,115000
10454,6096,large,40.8123131941183,-73.91209375529975,400,200,115000
10455,6100,large,40.816088304554015,-73.91321425502261,400,200,115000
10455,6197,large,40.80590567925321,-73.89762063790667,400,200,115000
10456,6201,large,40.839815546420176,-73.9026132829351,400,200,115000
10456,6203,large,40.82411566589104,-73.91146850518214,400,200,115000
10456,6206,large,40.82291831199587,-73.91054601985459,400,200,115000
10456,6210,large,40.82414540767166,-73.90946104707447,400,200,115000
10456,6251,large,40.82875233741394,-73.91105123504721,400,200,115000
10456,6253,large,40.836381959865335,-73.91762064171914,400,200,115000
10456,6254,large,40.82226808859947,-73.90966185049892,400,200,115000
10456,6255,large,40.822266799888936,-73.90531421357494,400,200,115000
10457,6304,large,40.85693309513813,-73.9042581235539,400,200,115000
10457,6307,large,40.8542855398216,-73.89383418587066,400,200,115000
10457,6330,large,40.83980303148746,-73.89659317049839,400,200,115000
10457,6346,large,40.855845053354045,-73.89475642918887,400,200,115000
10457,6352,large,40.84853740492997,-73.90788146840725,400,200,115000
10457,6353,large,40.844619451081655,-73.90270362975166,400,200,115000
10457,6380,large,40.855833642341686,-73.89085593748597,400,200,115000
10457,6390,large,40.85768877786281,-73.90902659610138,400,200,115000
10458,6404,large,40.86479727372273,-73.88158574500635,400,200,115000
10458,6405,large,40.86064506135063,-73.8806665695694,400,200,115000
10458,6407,large,40.8667981615396,-73.89649206119628,400,200,115000
10458,6412,large,40.86690173200458,-73.89398321253742,400,200,115000
10458,6413,large,40.85345687701236,-73.87992224686931,400,200,115000
10458,6494,large,40.865123424787726,-73.88453566149568,400,200,115000
10458,6499,large,40.86296860753208,-73.88084386343628,400,200,115000
10459,6511,large,40.83151780239206,-73.90044138660552,400,200,115000
10459,6514,large,40.827706803181,-73.88447900777973,400,200,115000
10459,6525,large,40.816264213935234,-73.88802568021977,400,200,115000
10459,6545,large,40.81815613170529,-73.88750099497676,400,200,115000
10459,6579,large,40.83373515094944,-73.88518572740071,400,200,115000
10460,6601,large,40.83101912083923,-73.87668316864851,400,200,115000
10460,6697,large,40.84772822391132,-73.88733154114776,400,200,115000
10460,6698,large,40.84058439978267,-73.87097966250262,400,200,115000
10461,6703,large,40.850421607656216,-73.84153243262494,400,200,115000
10461,6704,large,40.846044293000574,-73.84171146624432,400,200,115000
10461,6707,large,40.84517797453673,-73.84658623252898,400,200,115000
10461,6762,large,40.85152474441749,-73.83950941579869,400,200,115000
10461,6766,large,40.83894679764483,-73.83458788665739,400,200,115000
10461,6767,large,40.837271533007105,-73.83427959043334,400,200,115000
10461,6769,large,40.84774801135955,-73.84743369224968,400,200,115000
10462,6805,large,40.844298132751135,-73.85205655766805,400,200,115000
10462,6806,large,40.84794475844902,-73.8555639017349,400,200,115000
10462,6807,large,40.84540698183772,-73.86148217193347,400,200,115000
10462,6816,large,40.84944102800559,-73.86208218968096,400,200,115000
10462,6817,large,40.84820143936894,-73.86681203303498,400,200,115000
10462,6820,large,40.84788189487213,-73.85311976553157,400,200,115000
10462,6824,large,40.851998061773294,-73.85638748349484,400,200,115000
10462,6825,large,40.84603935375897,-73.85481169753422,400,200,115000
10462,6893,large,40.84689413629267,-73.86952767283852,400,200,115000
10462,6895,large,40.836970666115775,-73.86538966477161,400,200,115000
10462,6896,large,40.83563142520814,-73.86885994723285,400,200,115000
10462,6898,large,40.83558936203298,-73.8587584667026,400,200,115000
10463,6901,large,40.87035592912284,-73.9137900568298,400,200,115000
10463,6973,large,40.87322556018279,-73.90122404251487,400,200,115000
10463,6995,large,40.87818295487935,-73.91231316613418,400,200,115000
10463,6996,large,40.88198995409594,-73.90022363779255,400,200,115000
10463,6997,large,40.88698998599827,-73.90954340452646,400,200,115000
10463,6998,large,40.88273735581912,-73.90731661919807,400,200,115000
10463,6999,large,40.884468398846174,-73.90534354560653,400,200,115000
10464,7024,small,40.83805049685026,-73.77790415876092,100,50,65000
10465,7100,large,40.83420255287488,-73.82182531530609,400,200,115000
10465,7101,large,40.81693191784429,-73.82128111898815,400,200,115000
10465,7102,large,40.82396509024088,-73.80983456097452,400,200,115000
10465,7105,large,40.83126380031453,-73.81218571828835,400,200,115000
10465,7106,large,40.82094562493943,-73.82745197738497,400,200,115000
10465,7197,large,40.81765305026707,-73.81646772116245,400,200,115000
10465,7198,large,40.82452472856907,-73.82580996180833,400,200,115000
10466,7201,large,40.88936234079193,-73.85807719151228,400,200,115000
10466,7204,large,40.8813908992816,-73.84308532218421,400,200,115000
10466,7240,large,40.88470528291624,-73.84697265099078,400,200,115000
10466,7260,large,40.89036888134034,-73.84371910030019,400,200,115000
10466,7266,large,40.8851657294299,-73.84138177545645,400,200,115000
10466,7267,large,40.88125312016032,-73.84654312007454,400,200,115000
10466,7295,large,40.89136476484242,-73.85051233653506,400,200,115000
10467,7302,large,40.87932288259165,-73.88000834684962,400,200,115000
10467,7303,large,40.87643978232211,-73.87733024928146,400,200,115000
10467,7331,large,40.8669583016433,-73.88016492182754,400,200,115000
10467,7364,large,40.86540839881915,-73.87005563334337,400,200,115000
10467,7368,large,40.87059069458201,-73.87142833957128,400,200,115000
10467,7371,large,40.865600032648786,-73.86669719164037,400,200,115000
10467,7373,large,40.87372503174063,-73.86444097435705,400,200,115000
10467,7399,large,40.873661332602346,-73.86579995915397,400,200,115000
10468,7408,large,40.86036259661902,-73.89769423750026,400,200,115000
10468,7409,large,40.86803804473928,-73.90652512324829,400,200,115000
10468,7410,large,40.87123210535633,-73.9067572859677,400,200,115000
10468,7488,large,40.86303660776544,-73.89406303236666,400,200,115000
10468,7490,large,40.85822072234226,-73.90983208277447,400,200,115000
10468,7491,large,40.86364270865136,-73.89079347826582,400,200,115000
10468,7496,large,40.86163217556284,-73.89101392569182,400,200,115000
10468,7497,large,40.8574962208308,-73.90789559375563,400,200,115000
10468,7498,large,40.87572229361787,-73.90087287310119,400,200,115000
10469,7566,large,40.86857486290628,-73.85385528542703,400,200,115000
10469,7568,large,40.86768522082859,-73.84806871828495,400,200,115000
10469,7570,large,40.86388186516296,-73.84429516999224,400,200,115000
10469,7571,large,40.866095387859765,-73.84513957014629,400,200,115000
10469,7576,large,40.86205280394866,-73.85715834570837,400,200,115000
10469,7591,large,40.86235910657726,-73.83992071432607,400,200,115000
10469,7592,large,40.86544692893856,-73.85240728222153,400,200,115000
10469,7594,large,40.86581598413765,-73.84076416265273,400,200,115000
10469,7597,large,40.8748246398469,-73.84037281598508,400,200,115000
10470,7659,large,40.89906635711272,-73.85620551084735,400,200,115000
10470,7697,large,40.89936771954231,-73.86051484175393,400,200,115000
10470,7699,large,40.89404007070736,-73.85375955622087,400,200,115000
10471,7796,large,40.903634827568645,-73.8973234502787,400,200,115000
10471,7797,large,40.8997208262457,-73.9080440447257,400,200,115000
10471,7799,large,40.89128287420149,-73.90328880277062,400,200,115000
10472,7840,large,40.829449075002465,-73.87353446182601,400,200,115000
10472,7841,large,40.837228319211114,-73.8714215912367,400,200,115000
10472,7848,large,40.82108627544328,-73.87071665260109,400,200,115000
10472,7850,large,40.82065785376508,-73.86457826423597,400,200,115000
10472,7853,large,40.83672191079969,-73.86443031345432,400,200,115000
10472,7855,large,40.83937294415987,-73.8730639077002,400,200,115000
10472,7859,large,40.838897685508094,-73.87011325297178,400,200,115000
10472,7863,large,40.837623073154056,-73.86608309520906,400,200,115000
10472,7891,large,40.82225931089507,-73.87695154709348,400,200,115000
10472,7894,large,40.82698973134981,-73.86882116456059,400,200,115000
10473,7921,large,40.82306874865465,-73.86677737765682,400,200,115000
10473,7966,large,40.82331091030279,-73.85258056741468,400,200,115000
10473,7968,large,40.82617914116572,-73.85296941210856,400,200,115000
10473,7979,large,40.8235191229137,-73.86789879004563,400,200,115000
10473,7988,large,40.824386921652184,-73.85228777362695,400,200,115000
10473,7990,large,40.810041501998505,-73.8640035998611,400,200,115000
10473,7999,large,40.813292633326775,-73.85316896337373,400,200,115000
10474,8001,large,40.81999100192452,-73.89145255797234,400,200,115000
10474,8099,large,40.81817449600776,-73.8791543787024,400,200,115000
10475,8175,large,40.87163015258768,-73.81818468147611,400,200,115000
10475,8182,large,40.881888663205416,-73.82546847079955,400,200,115000
10475,8183,large,40.878286570927834,-73.82022592769603,400,200,115000
10475,8184,large,40.86761082637905,-73.83749781045218,400,200,115000
10475,8189,large,40.8654755822876,-73.82827498498749,400,200,115000
10475,8190,large,40.86625213990115,-73.8251863959655,400,200,115000
10475,8194,large,40.8822438959417,-73.82074461305496,400,200,115000
10475,8195,large,40.87197728797141,-73.83355717112514,400,200,115000
10475,8198,large,40.863057826576615,-73.82055879986154,400,200,115000
11004,8256,large,40.744190668707446,-73.70435425308318,400,200,115000
11004,8258,large,40.747088996377656,-73.70151203665424,400,200,115000
11004,8298,large,40.7399737204346,-73.70287237018172,400,200,115000
11101,8386,large,40.739355498802695,-73.92586975677452,400,200,115000
11101,8388,large,40.75444376019041,-73.93051287526715,400,200,115000
11101,8389,large,40.74375626379759,-73.92769212974306,400,200,115000
11101,8390,large,40.743428653443814,-73.93283233354329,400,200,115000
11101,8391,large,40.7503079153538,-73.94364003887463,400,200,115000
11101,8399,large,40.74298878242162,-73.93897451903636,400,200,115000
11102,8457,large,40.76304247987139,-73.92937726145125,400,200,115000
11102,8462,large,40.76152468511695,-73.92895190360406,400,200,115000
11102,8499,large,40.77809481758715,-73.91673062775621,400,200,115000
11103,8591,large,40.76938697590468,-73.90560968302813,400,200,115000
11103,8592,large,40.7716638041522,-73.91726199132208,400,200,115000
11103,8593,large,40.7565266106044,-73.91736284963446,400,200,115000
11103,8599,large,40.759650706103315,-73.90855549470432,400,200,115000
11103,8570,small,40.7688907575787,-73.92014046585007,100,50,65000
11104,8600,large,40.75110697772416,-73.91748939621316,400,200,115000
11104,8601,large,40.752695334931666,-73.92225858542758,400,200,115000
11104,8696,large,40.73944611970353,-73.93079677357963,400,200,115000
11104,8697,large,40.74711267875198,-73.9144991919755,400,200,115000
11104,8699,large,40.7391954580052,-73.91591871441294,400,200,115000
11105,8790,large,40.77269449584281,-73.90166396442719,400,200,115000
11105,8792,large,40.782319527026665,-73.90158730179787,400,200,115000
11105,8793,large,40.773430795089595,-73.9132473637269,400,200,115000
11105,8794,large,40.779949268093496,-73.90713125953017,400,200,115000
11105,8796,large,40.77950169018703,-73.91325145145831,400,200,115000
11105,8799,large,40.77758839452417,-73.91273360071503,400,200,115000
11106,8800,large,40.75305499445818,-73.92748204632568,400,200,115000
11106,8801,large,40.767593680137075,-73.92072696945007,400,200,115000
11106,8803,large,40.7660622221204,-73.93398946121927,400,200,115000
11106,8898,large,40.76950257459379,-73.92179783353171,400,200,115000
11106,8899,large,40.76701501308344,-73.93511341154833,400,200,115000
11109,8901,large,40.75356592751738,-73.95794730089492,400,200,115000
11109,8974,large,40.73693531777685,-73.94960847944874,400,200,115000
11109,8999,large,40.74070136029432,-73.9576173128768,400,200,115000
11201,9001,large,40.69145316495699,-74.0000647759575,400,200,115000
11201,9002,large,40.68853830188704,-73.99025716493207,400,200,115000
11201,9003,large,40.69451452292677,-73.98112856703669,400,200,115000
11201,9004,large,40.68869978979715,-73.98348834471132,400,200,115000
11201,9005,large,40.69089074858264,-73.98970221499205,400,200,115000
11201,9008,large,40.69519276543128,-73.98599068245673,400,200,115000
11201,9011,large,40.69953974252361,-73.99400218625854,400,200,115000
11201,9012,large,40.69282193712672,-73.99077759091726,400,200,115000
11201,9014,large,40.69093680137434,-73.99338144232469,400,200,115000
11201,9092,large,40.69782141944497,-73.9937190787048,400,200,115000
11201,9093,large,40.68861652984668,-73.99398343340705,400,200,115000
11201,9095,large,40.694576233535145,-73.99431629728842,400,200,115000
11201,9097,large,40.684722979596586,-73.99170138356779,400,200,115000
11201,9098,large,40.68972444556723,-73.99354327224779,400,200,115000
11201,9099,large,40.68955624235902,-73.99112408457816,400,200,115000
11203,9100,large,40.64537846669334,-73.93180091294428,400,200,115000
11203,9104,large,40.65722878680358,-73.92710855724583,400,200,115000
11203,9105,large,40.644125377753994,-73.92926298157721,400,200,115000
11203,9108,large,40.64077622957736,-73.93548993272447,400,200,115000
11203,9109,large,40.65616376144089,-73.93231648620593,400,200,115000
11203,9110,large,40.64777567645474,-73.94446089690908,400,200,115000
11203,9111,large,40.6584516299641,-73.93484286727355,400,200,115000
11203,9113,large,40.66036430197604,-73.92856247528826,400,200,115000
11203,9115,large,40.64171512586425,-73.92848837604932,400,200,115000
11204,9260,large,40.61927028922248,-73.98221966153332,400,200,115000
11204,9266,large,40.619029200464176,-73.98052264138661,400,200,115000
11204,9267,large,40.627370045187085,-73.98823032912729,400,200,115000
11204,9268,large,40.60974475714785,-73.98760931307949,400,200,115000
11204,9270,large,40.608840968700626,-73.97780819816232,400,200,115000
11204,9271,large,40.626708857708984,-73.98030696849796,400,200,115000
11204,9272,large,40.61275182359987,-73.98139740484567,400,200,115000
11204,9275,large,40.61968960729576,-73.98540765256809,400,200,115000
11204,9276,large,40.62087386252388,-73.98841054222024,400,200,115000
11204,9280,large,40.62580816049271,-73.99366410470083,400,200,115000
11204,9281,large,40.625053449793974,-73.98566246426088,400,200,115000
11204,9284,large,40.61012445247994,-73.98035915127747,400,200,115000
11204,9285,large,40.61126814011137,-73.98419070183522,400,200,115000
11204,9286,large,40.61083296158195,-73.9931928377413,400,200,115000
11204,9288,large,40.60924520969596,-73.98856258531448,400,200,115000
11204,9289,large,40.61960618366629,-73.99352088694144,400,200,115000
11204,9291,large,40.61471057248537,-73.97891847011776,400,200,115000
11204,9292,large,40.619392930651365,-73.99474148493526,400,200,115000
11204,9293,large,40.622249276660526,-73.98564659276649,400,200,115000
11204,9296,large,40.608504833464075,-73.99095080908299,400,200,115000
11205,9372,large,40.69445712569555,-73.96691607269734,400,200,115000
11205,9376,large,40.70002556020868,-73.9704210785064,400,200,115000
11205,9377,large,40.69579599144723,-73.96517147093952,400,200,115000
11205,9378,large,40.70081933889841,-73.9600343306775,400,200,115000
11205,9382,large,40.69680364633332,-73.95818923002523,400,200,115000
11205,9383,large,40.69633126237794,-73.96820630062251,400,200,115000
11205,9384,large,40.690438563598136,-73.96905447409682,400,200,115000
11205,9385,large,40.68518455072388,-73.96422865733628,400,200,115000
11205,9387,large,40.68841007553822,-73.95831539041828,400,200,115000
11205,9390,large,40.69009073846134,-73.95816917414986,400,200,115000
11205,9391,large,40.70027511636808,-73.97541252851853,400,200,115000
11205,9393,large,40.699172715945195,-73.9594788449986,400,200,115000
11205,9397,large,40.70115267083897,-73.96714874391691,400,200,115000
11205,9398,large,40.69259732548607,-73.9567289653862,400,200,115000
11205,9399,large,40.68694010019112,-73.9667028371907,400,200,115000
11206,9400,large,40.693618271023794,-73.95140804460989,400,200,115000
11206,9401,large,40.69130331099174,-73.94970139547247,400,200,115000
11206,9404,large,40.711083489645894,-73.95244381294002,400,200,115000
11206,9405,large,40.700393087265624,-73.94083762364298,400,200,115000
11206,9406,large,40.69919048188621,-73.94895610473078,400,200,115000
11206,9407,large,40.70741704252728,-73.94695604571584,400,200,115000
11206,9408,large,40.702131536365094,-73.93531595641997,400,200,115000
11206,9409,large,40.696282320146295,-73.94606699224786,400,200,115000
11206,9410,large,40.69855965332105,-73.93684775640787,400,200,115000
11206,9412,large,40.70891542774347,-73.94165926891758,400,200,115000
11206,9414,large,40.70287161593825,-73.94502961724692,400,200,115000
11206,9416,large,40.70162479864481,-73.94149107655687,400,200,115000
11206,9417,large,40.70062404426337,-73.93717870279289,400,200,115000
11206,9418,large,40.70748458473739,-73.94423840822822,400,200,115000
11206,9419,large,40.700718913842714,-73.93450754469214,400,200,115000
11206,9421,large,40.69565861907216,-73.93385806270513,400,200,115000
11206,9423,large,40.70614623969596,-73.9368376490913,400,200,115000
11206,9424,large,40.70062015666455,-73.9432989455194,400,200,115000
11206,9429,large,40.69896149051634,-73.93827521502821,400,200,115000
11206,9430,large,40.70829748200564,-73.93851922152349,400,200,115000
11206,9432,large,40.69590959433727,-73.93828993901317,400,200,115000
11207,9500,large,40.67507512411381,-73.88647741261133,400,200,115000
11207,9503,large,40.67483013942753,-73.88533125876211,400,200,115000
11207,9506,large,40.66899219747423,-73.8847826644898,400,200,115000
11207,9507,large,40.67681732919979,-73.89779730021567,400,200,115000
11207,9510,large,40.67211564595048,-73.89205454758701,400,200,115000
11207,9511,large,40.66747616373787,-73.9022394211586,400,200,115000
11207,9512,large,40.67159152169046,-73.89109269030743,400,200,115000
11207,9515,large,40.67674806306316,-73.89544904871767,400,200,115000
11207,9516,large,40.67572055418109,-73.89689295352755,400,200,115000
11207,9591,large,40.677612563672575,-73.9006039855017,400,200,115000
11207,9596,large,40.67646730761272,-73.90185287036186,400,200,115000
11207,9599,large,40.66519295956195,-73.90366381242515,400,200,115000
11208,9615,large,40.67605107426235,-73.86986693034228,400,200,115000
11208,9616,large,40.684853238195096,-73.87543426930569,400,200,115000
11208,9617,large,40.67354291034627,-73.86681278521006,400,200,115000
11208,9619,large,40.669524582923984,-73.86896107273219,400,200,115000
11208,9620,large,40.66693398598753,-73.87210822366208,400,200,115000
11208,9622,large,40.68517708205616,-73.86570114757536,400,200,115000
11208,9625,large,40.67172510509904,-73.87142070433246,400,200,115000
11208,9627,large,40.67740719583401,-73.86859768828002,400,200,115000
11208,9628,large,40.67919127945365,-73.8749717831467,400,200,115000
11208,9635,large,40.671244227842934,-73.86527441450033,400,200,115000
11208,9647,large,40.671176766021105,-73.8811932127348,400,200,115000
11208,9660,large,40.67923077974709,-73.86790135309,400,200,115000
11208,9664,large,40.68027389966131,-73.86479737843767,400,200,115000
11208,9673,large,40.66656038923246,-73.87359511664235,400,200,115000
11208,9675,large,40.67755545432696,-73.8786256487784,400,200,115000
11208,9676,large,40.672300391834234,-73.88003242842632,400,200,115000
11208,9682,large,40.67663404425514,-73.87786610826437,400,200,115000
11208,9686,large,40.668001884559594,-73.87760431373717,400,200,115000
11208,9692,large,40.66930239643144,-73.87369662560683,400,200,115000
11209,9701,large,40.63378312969726,-74.02577978080323,400,200,115000
11209,9716,large,40.6248234818631,-74.02803920769547,400,200,115000
11209,9743,large,40.630179753540936,-74.0339237460753,400,200,115000
11209,9776,large,40.6310608712379,-74.02216374347394,400,200,115000
11209,9780,large,40.62414991647585,-74.02452893852254,400,200,115000
11209,9781,large,40.61713309086144,-74.02040806812889,400,200,115000
11209,9786,large,40.61673540917087,-74.0338562219222,400,200,115000
11209,9788,large,40.62646190984765,-74.02996017262828,400,200,115000
11209,9794,large,40.63317894379371,-74.03120587603364,400,200,115000
11209,9795,large,40.615759492249374,-74.03683447336553,400,200,115000
11209,9797,large,40.61962256767888,-74.0353710000063,400,200,115000
11209,9798,large,40.62217970242784,-74.03088731071658,400,200,115000
11209,9799,large,40.6316228953901,-74.03888346444343,400,200,115000
11210,9802,large,40.61907907588997,-73.95493299973208,400,200,115000
11210,9804,large,40.62319832460556,-73.95619699941285,400,200,115000
11210,9806,large,40.63122895847502,-73.95392250123803,400,200,115000
11210,9811,large,40.62374663673239,-73.93944330537461,400,200,115000
11210,9812,large,40.63798245469498,-73.94344754093295,400,200,115000
11210,9813,large,40.637138380182755,-73.94413821680315,400,200,115000
11210,9814,large,40.62553404486789,-73.95325522570583,400,200,115000
11210,9815,large,40.62074209696237,-73.94215583833032,400,200,115000
11210,9817,large,40.62553490582382,-73.94997051982965,400,200,115000
11211,9900,large,40.70996741699978,-73.94893490287939,400,200,115000
11211,9901,large,40.70716456504077,-73.96431057902215,400,200,115000
11211,9902,large,40.70974401953175,-73.96368715778256,400,200,115000
11211,9905,large,40.714019909494695,-73.96201099295601,400,200,115000
11211,9906,large,40.71855409312126,-73.95237884205183,400,200,115000
11211,9907,large,40.70218322525012,-73.96353607320177,400,200,115000
11211,9910,large,40.71846355908276,-73.9495214069227,400,200,115000
11211,9914,large,40.71690869107289,-73.95798941666156,400,200,115000
11211,9915,large,40.703892828674505,-73.94816895632269,400,200,115000
11211,9916,large,40.70346201417632,-73.95218277090348,400,200,115000
11211,9995,large,40.70614998096636,-73.96606435583999,400,200,115000
11211,9996,large,40.7089824647695,-73.94632593200839,400,200,115000
11211,9997,large,40.7029966101895,-73.95715184150812,400,200,115000
11211,9998,large,40.71395607468196,-73.95200752625182,400,200,115000
11211,9999,large,40.7106127694962,-73.95147253906157,400,200,115000
11212,10000,large,40.66219273939409,-73.91900734780091,400,200,115000
11212,10001,large,40.65798846380493,-73.91601876323045,400,200,115000
11212,10004,large,40.65371942938457,-73.91264047865187,400,200,115000
11212,10005,large,40.66917592192905,-73.91058400245062,400,200,115000
11212,10009,large,40.65561810841682,-73.91092074301334,400,200,115000
11212,10012,large,40.65465471210132,-73.91432184105925,400,200,115000
11212,10014,large,40.66206328635391,-73.92380084569008,400,200,115000
11212,10020,large,40.66640878478862,-73.9158638336353,400,200,115000
11212,10022,large,40.65854794538237,-73.90849610000984,400,200,115000
11212,10024,large,40.670457622381726,-73.91751742423656,400,200,115000
11212,10027,large,40.65376288331713,-73.90629383757218,400,200,115000
11212,10033,large,40.65378419765701,-73.9094376180106,400,200,115000
11212,10085,large,40.672458345824886,-73.91432577502586,400,200,115000
11213,10100,large,40.660686422664355,-73.94572334147851,400,200,115000
11213,10101,large,40.667854385442986,-73.92768260035683,400,200,115000
11213,10102,large,40.67178132630632,-73.9332640157842,400,200,115000
11213,10103,large,40.66678030159936,-73.9439456019551,400,200,115000
11213,10106,large,40.66759274207703,-73.9402007483829,400,200,115000
11213,10107,large,40.66961737191453,-73.92900864460235,400,200,115000
11213,10165,large,40.67993504204377,-73.94008768053823,400,200,115000
11213,10188,large,40.66735078741099,-73.93548159194707,400,200,115000
11213,10190,large,40.673302605359034,-73.93334068472772,400,200,115000
11213,10192,large,40.67540835251051,-73.94550538544894,400,200,115000
11213,10193,large,40.67870438505768,-73.93467427661191,400,200,115000
11213,10196,large,40.67554796637252,-73.92833677840066,400,200,115000
11213,10197,large,40.66588442534261,-73.93268429046486,400,200,115000
11213,10199,large,40.67378686084391,-73.93218297704868,400,200,115000
11214,10201,large,40.60892660504136,-73.99173884933698,400,200,115000
11214,10204,large,40.609605711348955,-74.00462997489937,400,200,115000
11214,10206,large,40.60388874412243,-73.99668736087101,400,200,115000
11214,10208,large,40.600211612920766,-73.99159368168519,400,200,115000
11214,10209,large,40.598786071163296,-74.00205957829147,400,200,115000
11214,10210,large,40.59718806186175,-74.00647235987147,400,200,115000
11214,10213,large,40.599718144,-73.98743581616567,400,200,115000
11214,10215,large,40.600446572555526,-73.99783892415567,400,200,115000
11214,10216,large,40.606597127389314,-73.98687453975987,400,200,115000
11214,10217,large,40.609853086663634,-74.00660144154044,400,200,115000
11214,10218,large,40.6055623758022,-74.00408581585909,400,200,115000
11214,10291,large,40.59321190767561,-73.99500249322679,400,200,115000
11214,10292,large,40.59989182037583,-74.00444298720709,400,200,115000
11214,10293,large,40.60068797122366,-74.00639856083774,400,200,115000
11214,10294,large,40.602234905271345,-73.99436754688017,400,200,115000
11215,10301,large,40.67127198987031,-73.98265755361952,400,200,115000
11215,10302,large,40.65722511275782,-73.98056921972028,400,200,115000
11215,10310,large,40.65793419073563,-73.99019963820861,400,200,115000
11215,10311,large,40.66969275398315,-73.97566883051776,400,200,115000
11215,10318,large,40.66560438527139,-73.99056158543719,400,200,115000
11215,10320,large,40.67554190442488,-73.9772847571066,400,200,115000
11215,10322,large,40.66040588810102,-73.97462213663408,400,200,115000
11215,10325,large,40.67432866110712,-73.97312170180531,400,200,115000
11215,10390,large,40.66007865480438,-73.9757685359182,400,200,115000
11215,10392,large,40.67348133543319,-73.99165682056265,400,200,115000
11215,10394,large,40.66841344953075,-73.97961250453743,400,200,115000
11215,10396,large,40.6584403983826,-73.97637945191094,400,200,115000
11215,10397,large,40.67522008043147,-73.97950982632855,400,200,115000
11215,10398,large,40.67157598298236,-73.97985156545892,400,200,115000
11216,10400,large,40.68052604641741,-73.94824647298032,400,200,115000
11216,10401,large,40.672890655768505,-73.95302148582466,400,200,115000
11216,10402,large,40.67980736381202,-73.95134256844058,400,200,115000
11216,10403,large,40.67338498489145,-73.95915677025509,400,200,115000
11216,10404,large,40.67622206973496,-73.95429402199298,400,200,115000
11216,10406,large,40.68906373309364,-73.94279396750493,400,200,115000
11216,10407,large,40.67296295373606,-73.95813833084986,400,200,115000
11216,10408,large,40.67391675959343,-73.95764319119937,400,200,115000
11216,10409,large,40.682946101824584,-73.95765565379997,400,200,115000
11217,10501,large,40.67277548415011,-73.97069821912703,400,200,115000
11217,10502,large,40.68719321965983,-73.98109707036224,400,200,115000
11217,10504,large,40.67811157945212,-73.98832244777793,400,200,115000
11217,10505,large,40.681930432804705,-73.9746191358999,400,200,115000
11217,10589,large,40.69007054118249,-73.97190885540967,400,200,115000
11217,10592,large,40.67239179115113,-73.98001027777501,400,200,115000
11217,10593,large,40.674003546528816,-73.97900335099327,400,200,115000
11217,10596,large,40.686602652666735,-73.98747371633206,400,200,115000
11217,10597,large,40.673424490459176,-73.97310966880387,400,200,115000
11217,10598,large,40.68989951661462,-73.98885656861442,400,200,115000
11217,10599,large,40.68200782712216,-73.97810675822798,400,200,115000
11218,10657,large,40.64621130835324,-73.96744431439863,400,200,115000
11218,10664,large,40.632967831555234,-73.97074665084793,400,200,115000
11218,10667,large,40.6503238276206,-73.97560281353626,400,200,115000
11218,10670,large,40.65003116617295,-73.97122632081434,400,200,115000
11218,10671,large,40.6369606560181,-73.96646562900833,400,200,115000
11218,10673,large,40.63853372060678,-73.96953087207419,400,200,115000
11218,10675,large,40.63553526885749,-73.98332828219846,400,200,115000
11218,10676,large,40.63242498589369,-73.97822860844126,400,200,115000
11218,10677,large,40.64250173576003,-73.97113539904667,400,200,115000
11218,10686,large,40.64378921626481,-73.96730010670284,400,200,115000
11218,10688,large,40.64884598640468,-73.98057766994009,400,200,115000
11218,10698,large,40.64447425781352,-73.96930793614688,400,200,115000
11219,10700,large,40.62577629757592,-73.98814957021284,400,200,115000
11219,10704,large,40.63392383620512,-73.99773414653781,400,200,115000
11219,10705,large,40.63662147043474,-74.00302489200799,400,200,115000
11219,10709,large,40.63660616900496,-73.9872848873924,400,200,115000
11219,10710,large,40.627527086331035,-74.0020443410558,400,200,115000
11219,10715,large,40.64328009334669,-73.99609185182199,400,200,115000
11219,10717,large,40.62549152539308,-73.99610126812482,400,200,115000
11219,10722,large,40.63184489753635,-73.99806792767795,400,200,115000
11219,10723,large,40.62538173356484,-73.99102310528913,400,200,115000
11219,10729,large,40.62609190282637,-73.98976974877993,400,200,115000
11219,10730,large,40.626545790451296,-74.00003238166657,400,200,115000
11219,10735,large,40.62469826598338,-74.00052960417504,400,200,115000
11219,10736,large,40.63745141661521,-73.99422803375585,400,200,115000
11219,10740,large,40.633086048722426,-73.99175717716236,400,200,115000
11219,10743,large,40.63871122258234,-73.99925136671038,400,200,115000
11219,10744,large,40.635866825190206,-73.98804847114697,400,200,115000
11219,10746,large,40.63715348825747,-73.99116156195946,400,200,115000
11219,10747,large,40.64262398434539,-74.00597659938393,400,200,115000
11219,10749,large,40.625540841202785,-73.99975286137506,400,200,115000
11219,10750,large,40.636998661650885,-73.99691814754813,400,200,115000
11219,10754,large,40.62669878822606,-73.99172875772713,400,200,115000
11219,10762,large,40.63167920511439,-74.00143035717768,400,200,115000
11219,10768,large,40.624897083803226,-73.99230583484808,400,200,115000
11219,10770,large,40.638261097968886,-73.99495282486524,400,200,115000
11219,10772,large,40.62627730786224,-73.99818317513507,400,200,115000
11219,10777,large,40.64086828076027,-73.98637158228362,400,200,115000
11219,10781,large,40.62468614317463,-74.00207267979016,400,200,115000
11219,10784,large,40.64265144875352,-74.00350138371189,400,200,115000
11219,10785,large,40.62552742753233,-73.99488915716927,400,200,115000
11219,10786,large,40.62812645996464,-73.99517883739391,400,200,115000
11219,10790,large,40.63733731990367,-74.00149538514417,400,200,115000
11219,10791,large,40.63891638380626,-73.99355412599242,400,200,115000
11219,10794,large,40.64224454494171,-73.99920565205353,400,200,115000
11219,10796,large,40.642630737969746,-73.99319113770316,400,200,115000
11219,10797,large,40.624961995592706,-73.99346506421188,400,200,115000
11220,10801,large,40.64758856134954,-74.00739910980623,400,200,115000
11220,10802,large,40.64552150799337,-74.00756442345941,400,200,115000
11220,10804,large,40.633807860941154,-74.02167102019355,400,200,115000
11220,10805,large,40.65009682029044,-74.01859236392443,400,200,115000
11220,10807,large,40.64789690565417,-74.02294671569862,400,200,115000
11220,10850,large,40.63591487617312,-74.01348309220778,400,200,115000
11220,10854,large,40.631566880063666,-74.01297197311958,400,200,115000
11220,10855,large,40.65111008242681,-74.01096821899293,400,200,115000
11220,10856,large,40.646833365022395,-74.01861548900426,400,200,115000
11220,10861,large,40.63785479901615,-74.0055874250452,400,200,115000
11220,10865,large,40.647721727977014,-74.01954283907003,400,200,115000
11220,10871,large,40.64311485630149,-74.01898708319374,400,200,115000
11220,10874,large,40.6480642585448,-74.01815762773998,400,200,115000
11220,10877,large,40.63214537944541,-74.02167927914189,400,200,115000
11220,10896,large,40.650741428518806,-74.02289646436452,400,200,115000
11220,10899,large,40.644634056942664,-74.01162301412505,400,200,115000
11221,10958,large,40.69066519236128,-73.92593804228603,400,200,115000
11221,10961,large,40.683912603364355,-73.92711216033857,400,200,115000
11221,10966,large,40.69460197232483,-73.9189929337069,400,200,115000
11221,10972,large,40.68994147325579,-73.92711386816929,400,200,115000
11221,10974,large,40.6918173199938,-73.9197425506586,400,200,115000
11221,10981,large,40.698205266820366,-73.9339523590144,400,200,115000
11221,10982,large,40.69603179577024,-73.91788682115624,400,200,115000
11221,10985,large,40.68634702449758,-73.92740915706564,400,200,115000
11221,10997,large,40.69185906428384,-73.91770264538656,400,200,115000
11221,10998,large,40.68611608047472,-73.91937795135223,400,200,115000
11221,10999,large,40.690828637686195,-73.93519130310736,400,200,115000
11222,11081,large,40.72367567666651,-73.9570222956148,400,200,115000
11222,11083,large,40.723392076926245,-73.94009741545771,400,200,115000
11222,11089,large,40.735495842607904,-73.95684422456108,400,200,115000
11222,11090,large,40.72057722360611,-73.9560936394913,400,200,115000
11222,11091,large,40.72639775383857,-73.94235906170547,400,200,115000
11222,11098,large,40.731299523462056,-73.94551163498953,400,200,115000
11222,11099,large,40.72896763143834,-73.94875182486061,400,200,115000
11222,11032,medium,40.73382974665395,-73.94712289342816,200,100,95000
11223,11102,large,40.60618716695428,-73.97217421376884,400,200,115000
11223,11168,large,40.60202337290097,-73.96764504342116,400,200,115000
11223,11170,large,40.59834357605675,-73.96805096911464,400,200,115000
11223,11171,large,40.59510448212208,-73.97182732591928,400,200,115000
11223,11172,large,40.60024638957235,-73.9668672377972,400,200,115000
11223,11173,large,40.60292068584256,-73.96722071128224,400,200,115000
11223,11175,large,40.59934167910047,-73.96828868749304,400,200,115000
11223,11176,large,40.59068370801086,-73.97373925267682,400,200,115000
11223,11177,large,40.58940718503895,-73.96917519013152,400,200,115000
11223,11181,large,40.59845200708182,-73.97489198107564,400,200,115000
11223,11182,large,40.606477661845446,-73.98185161179592,400,200,115000
11223,11183,large,40.593389635034086,-73.97788666298273,400,200,115000
11223,11184,large,40.59324337207149,-73.97015055415893,400,200,115000
11223,11185,large,40.59708477387275,-73.9701062349815,400,200,115000
11223,11186,large,40.588141044109314,-73.97952556424585,400,200,115000
11223,11188,large,40.60211263097265,-73.9766744731257,400,200,115000
11223,11189,large,40.59087772750965,-73.98186311484628,400,200,115000
11223,11190,large,40.59440796211668,-73.98038937564438,400,200,115000
11223,11197,large,40.60563561055512,-73.97917706386269,400,200,115000
11223,11198,large,40.58966731701139,-73.96759813010254,400,200,115000
11223,11199,large,40.60285335308755,-73.98082390487988,400,200,115000
11224,11207,large,40.577762199115945,-73.98112488611936,400,200,115000
11224,11249,large,40.57913713095486,-73.99447263553206,400,200,115000
11224,11260,large,40.572334219494486,-73.98906523680064,400,200,115000
11224,11264,large,40.580460743168345,-73.98844798833338,400,200,115000
11224,11280,large,40.58222806830941,-73.98372520384639,400,200,115000
11224,11295,large,40.58515243539561,-73.99456825052718,400,200,115000
11224,11298,large,40.570725952804565,-73.98921449157362,400,200,115000
11225,11375,large,40.65584535102705,-73.96263948475331,400,200,115000
11225,11382,large,40.663533311486304,-73.95023808415431,400,200,115000
11225,11384,large,40.66189091036529,-73.95259287713492,400,200,115000
11225,11385,large,40.67183696498839,-73.95617197185949,400,200,115000
11225,11387,large,40.66401477837066,-73.95527660357718,400,200,115000
11225,11390,large,40.66953901833,-73.95615793287394,400,200,115000
11225,11398,large,40.6654437490237,-73.95966757271573,400,200,115000
11226,11402,large,40.64015887941345,-73.9575907481732,400,200,115000
11226,11407,large,40.65211239461876,-73.96599830488283,400,200,115000
11226,11441,large,40.65286095244052,-73.95102542109116,400,200,115000
11226,11443,large,40.64634759458351,-73.96503180940735,400,200,115000
11226,11446,large,40.64739120584867,-73.96001452018203,400,200,115000
11226,11462,large,40.63938256642927,-73.96293935619137,400,200,115000
11226,11466,large,40.638492362894624,-73.95592037552059,400,200,115000
11226,11469,large,40.63803358267503,-73.94830215222635,400,200,115000
11226,11475,large,40.6474895914191,-73.96505671547298,400,200,115000
11226,11478,large,40.65419383734983,-73.95041685832463,400,200,115000
11226,11481,large,40.64376383943522,-73.94729982505957,400,200,115000
11226,11485,large,40.65639934025016,-73.96237119476322,400,200,115000
11226,11488,large,40.641266451777625,-73.95518420241883,400,200,115000
11226,11492,large,40.654475087896245,-73.95151556291219,400,200,115000
11228,11501,large,40.61276726633475,-74.00842456814983,400,200,115000
11228,11555,large,40.61575261316963,-74.0178590459418,400,200,115000
11228,11558,large,40.60899531520333,-74.02164798232965,400,200,115000
11228,11559,large,40.62352287305018,-74.00957402127858,400,200,115000
11228,11560,large,40.62592416622192,-74.00356671074785,400,200,115000
11228,11562,large,40.62713982600514,-74.00435209182744,400,200,115000
11228,11597,large,40.61119583383833,-74.01933109808421,400,200,115000
11229,11607,large,40.597249049632005,-73.94317079140355,400,200,115000
11229,11646,large,40.605176386203745,-73.93877722440294,400,200,115000
11229,11647,large,40.61092906481369,-73.94634469059146,400,200,115000
11229,11653,large,40.60935739213279,-73.94476162125359,400,200,115000
11229,11655,large,40.59159801349955,-73.9438138390907,400,200,115000
11229,11661,large,40.59605356529724,-73.94961273476304,400,200,115000
11229,11664,large,40.594596546305795,-73.9380574455781,400,200,115000
11229,11667,large,40.602102012201016,-73.94281288379868,400,200,115000
11229,11668,large,40.59731167518175,-73.95446341287557,400,200,115000
11229,11694,large,40.59758999822382,-73.94125945730582,400,200,115000
11229,11695,large,40.59666729901964,-73.94487341958052,400,200,115000
11229,11697,large,40.595437250086654,-73.95234584772749,400,200,115000
11229,11698,large,40.593065486789506,-73.94698500301273,400,200,115000
11229,11699,large,40.5912367092078,-73.94025221569454,400,200,115000
11230,11702,large,40.61602716298102,-73.96903507580157,400,200,115000
11230,11703,large,40.62697925879903,-73.96610483403833,400,200,115000
11230,11705,large,40.617582179546055,-73.97391306146584,400,200,115000
11230,11706,large,40.6313419537099,-73.95511567366691,400,200,115000
11230,11708,large,40.627038281454155,-73.97450185998387,400,200,115000
11230,11749,large,40.623289480985726,-73.9707232642381,400,200,115000
11230,11751,large,40.619586842825704,-73.97376355381428,400,200,115000
11230,11754,large,40.618664943965285,-73.97211049426919,400,200,115000
11230,11755,large,40.61499145428819,-73.97479446468651,400,200,115000
11230,11758,large,40.61702317430066,-73.9726941584582,400,200,115000
11230,11762,large,40.61527570387122,-73.95730674624765,400,200,115000
11230,11764,large,40.61489126190646,-73.9664244441006,400,200,115000
11230,11766,large,40.62344864208391,-73.95675614275366,400,200,115000
11230,11768,large,40.61644903754795,-73.96035245796227,400,200,115000
11230,11770,large,40.62225489023577,-73.96343742384143,400,200,115000
11230,11772,large,40.620980328449825,-73.96943359896773,400,200,115000
11230,11774,large,40.61840424831463,-73.9687351557706,400,200,115000
11230,11775,large,40.630201770700864,-73.97188191135803,400,200,115000
11230,11791,large,40.618232189233304,-73.96096285068612,400,200,115000
11230,11792,large,40.61437543165013,-73.96491125424873,400,200,115000
11230,11793,large,40.62186401850592,-73.96855138969649,400,200,115000
11230,11795,large,40.63226264928685,-73.9725951816238,400,200,115000
11230,11796,large,40.61752125657693,-73.95842022750658,400,200,115000
11230,11797,large,40.61442711113705,-73.9682282927434,400,200,115000
11230,11799,large,40.62994177141445,-73.97462366435431,400,200,115000
11231,11883,large,40.685823477558266,-74.00209127739912,400,200,115000
11231,11884,large,40.687201539157336,-74.0017125289392,400,200,115000
11231,11885,large,40.68142923242541,-74.00094518585276,400,200,115000
11231,11888,large,40.68310972949725,-73.99459065198921,400,200,115000
11231,11889,large,40.67363184461429,-74.00862699289986,400,200,115000
11231,11890,large,40.68291759046118,-74.00575730376138,400,200,115000
11231,11898,large,40.68478267283874,-73.99244410655167,400,200,115000
11231,11899,large,40.68649430844241,-74.00302507323867,400,200,115000
11232,11900,large,40.65321294354871,-73.99500693989181,400,200,115000
11232,11901,large,40.64676129760391,-74.00886378454544,400,200,115000
11232,11999,large,40.66086633467991,-74.00645552044124,400,200,115000
11233,12053,large,40.68756288901707,-73.93045641648118,400,200,115000
11233,12060,large,40.68771517393488,-73.92816035063431,400,200,115000
11233,12062,large,40.671004556767045,-73.92426251511255,400,200,115000
11233,12063,large,40.676267369334816,-73.91947254382914,400,200,115000
11233,12066,large,40.67347336967276,-73.92511553546073,400,200,115000
11233,12071,large,40.67217307381772,-73.91853263816792,400,200,115000
11233,12072,large,40.68075778075527,-73.9194095046571,400,200,115000
11233,12075,large,40.683064622507736,-73.9247984841396,400,200,115000
11233,12076,large,40.67101191992496,-73.915616212445,400,200,115000
11233,12078,large,40.66874349963364,-73.91264455314023,400,200,115000
11233,12081,large,40.68416823522054,-73.91338038617971,400,200,115000
11233,12082,large,40.681830498492474,-73.91787485398962,400,200,115000
11233,12085,large,40.687193306312,-73.92272449271478,400,200,115000
11233,12096,large,40.67696820572823,-73.91389263121017,400,200,115000
11233,12098,large,40.68137321583556,-73.91651988294852,400,200,115000
11234,12102,large,40.618925679968086,-73.9210287140444,400,200,115000
11234,12103,large,40.62581503533209,-73.91517606943684,400,200,115000
11234,12147,large,40.62639936637659,-73.91949102278453,400,200,115000
11234,12184,large,40.62959296737518,-73.92763363976303,400,200,115000
11234,12186,large,40.62188649398576,-73.91470742438908,400,200,115000
11234,12187,large,40.62591420983251,-73.93232913968333,400,200,115000
11234,12189,large,40.613972194664555,-73.92267519648544,400,200,115000
11234,12190,large,40.61309099753225,-73.91817431422155,400,200,115000
11234,12193,large,40.62597222764435,-73.92827349176082,400,200,115000
11234,12196,large,40.61125813159497,-73.92826281097663,400,200,115000
11234,12199,large,40.62345824661673,-73.92179933633146,400,200,115000
11235,12268,large,40.57611899006744,-73.95825913777871,400,200,115000
11235,12271,large,40.59063818136797,-73.94762586575212,400,200,115000
11235,12273,large,40.58765772758718,-73.96044559092982,400,200,115000
11235,12274,large,40.585601213909655,-73.95763684319402,400,200,115000
11235,12275,large,40.58153056182001,-73.94689345044115,400,200,115000
11235,12282,large,40.58820734931626,-73.95216851261104,400,200,115000
11235,12288,large,40.58838632228326,-73.94797320933965,400,200,115000
11235,12289,large,40.58962429261461,-73.94420996907704,400,200,115000
11235,12290,large,40.58990724482065,-73.95558413711912,400,200,115000
11235,12292,large,40.592795825304336,-73.95744463576675,400,200,115000
11235,12294,large,40.57808913095212,-73.95326344599937,400,200,115000
11235,12299,large,40.579073651527054,-73.96172291760632,400,200,115000
11236,12345,large,40.63695618227807,-73.89857481799767,400,200,115000
11236,12346,large,40.64854503795638,-73.91107015332027,400,200,115000
11236,12349,large,40.6350497598411,-73.90898587211228,400,200,115000
11236,12353,large,40.6489140510822,-73.894457552777,400,200,115000
11236,12355,large,40.64440210827761,-73.90662586347014,400,200,115000
11236,12357,large,40.643898444066075,-73.90395341416813,400,200,115000
11236,12379,large,40.6330617435904,-73.90356156353357,400,200,115000
11236,12380,large,40.65009305724799,-73.89600949756503,400,200,115000
11236,12382,large,40.64844079573,-73.90972740814436,400,200,115000
11236,12383,large,40.63884893091933,-73.90423595533102,400,200,115000
11236,12397,large,40.63964932373821,-73.89434348815892,400,200,115000
11236,12399,large,40.63187116795458,-73.90081071899102,400,200,115000
11237,12400,large,40.70910290425614,-73.90975920781648,400,200,115000
11237,12401,large,40.70299495256111,-73.92229455951959,400,200,115000
11237,12496,large,40.70030839023221,-73.91202278364177,400,200,115000
11237,12497,large,40.69937173249332,-73.92192087177783,400,200,115000
11237,12499,large,40.70320806466949,-73.92520497383624,400,200,115000
11238,12532,large,40.68739972514807,-73.96361785854185,400,200,115000
11238,12561,large,40.670502844016255,-73.96434711553002,400,200,115000
11238,12564,large,40.68605208278318,-73.96891164712973,400,200,115000
11238,12565,large,40.669450696334906,-73.96198615246968,400,200,115000
11238,12566,large,40.68187729735538,-73.96457785929562,400,200,115000
11238,12568,large,40.6760606639616,-73.961068885976,400,200,115000
11238,12570,large,40.67312013276616,-73.96199157463299,400,200,115000
11238,12572,large,40.67455247509076,-73.96652549545247,400,200,115000
11238,12577,large,40.688082189527805,-73.95832394522088,400,200,115000
11238,12588,large,40.677751185740824,-73.97350361064507,400,200,115000
11238,12591,large,40.682194815196375,-73.95577096687356,400,200,115000
11238,12596,large,40.68249946868013,-73.95939081965108,400,200,115000
11238,12599,large,40.685570425757135,-73.9706212817016,400,200,115000
11239,12600,large,40.64509935418109,-73.87791257647325,400,200,115000
11249,12700,large,40.637999154970146,-73.94447146582138,400,200,115000
11249,12701,large,40.64662364358569,-73.9397667048886,400,200,115000
11249,12778,large,40.63818548534462,-73.936202051857,400,200,115000
11249,12780,large,40.64579960058288,-73.95290933950645,400,200,115000
11249,12783,large,40.63626051563982,-73.93767717044823,400,200,115000
11249,12784,large,40.637243500385374,-73.94839508820333,400,200,115000
11249,12787,large,40.64498589324147,-73.93668958643764,400,200,115000
11249,12789,large,40.65033012028106,-73.95108023623436,400,200,115000
11249,12790,large,40.65033057765698,-73.95284241004615,400,200,115000
11249,12791,large,40.64159387498802,-73.93729569179565,400,200,115000
11249,12793,large,40.63788392629458,-73.94727427367997,400,200,115000
11249,12794,large,40.6502793857193,-73.95478536508588,400,200,115000
11249,12796,large,40.63583960916152,-73.95459912058763,400,200,115000
11249,12797,large,40.65193810041471,-73.95094442248948,400,200,115000
11249,12799,large,40.65384509874796,-73.94295886313665,400,200,115000
11249,12739,small,40.64756161699183,-73.95261413004258,100,50,65000
11354,12846,large,40.76440064230485,-73.81618536684239,400,200,115000
11354,12848,large,40.77420963168562,-73.83237662885479,400,200,115000
11354,12849,large,40.76441521565617,-73.81899874047402,400,200,115000
11354,12896,large,40.775967597013235,-73.82136792952952,400,200,115000
11354,12897,large,40.7640240394563,-73.82023559590401,400,200,115000
11354,12898,large,40.76382977219462,-73.83113648987027,400,200,115000
11354,12899,large,40.76393116879941,-73.82606343636078,400,200,115000
11355,12900,large,40.76252406982632,-73.83119622575258,400,200,115000
11355,12902,large,40.76144386748803,-73.81722366588984,400,200,115000
11355,12903,large,40.74834876519336,-73.82212312220207,400,200,115000
11355,12906,large,40.74899131999748,-73.82840789033519,400,200,115000
11355,12907,large,40.75028390912062,-73.81522752609294,400,200,115000
11355,12910,large,40.76247873668712,-73.82736980660623,400,200,115000
11355,12933,large,40.74816868578359,-73.81500814770644,400,200,115000
11355,12997,large,40.7510456765238,-73.81309676314437,400,200,115000
11355,12998,large,40.75911383188534,-73.82982691101985,400,200,115000
11355,12999,large,40.75830146016524,-73.82897411016951,400,200,115000
11356,13089,large,40.78078827631638,-73.8472440519861,400,200,115000
11356,13090,large,40.78226856516756,-73.84615541982924,400,200,115000
11356,13091,large,40.77763952581435,-73.84658756871276,400,200,115000
11356,13094,large,40.791582822991685,-73.84440271065857,400,200,115000
11356,13095,large,40.78351924100509,-73.84047659623931,400,200,115000
11356,13098,large,40.78955398958652,-73.8431582797817,400,200,115000
11357,13188,large,40.791497650764825,-73.81396237371891,400,200,115000
11357,13189,large,40.782789329583544,-73.80424549330283,400,200,115000
11357,13190,large,40.78011382611276,-73.80119394598745,400,200,115000
11357,13191,large,40.78609660468322,-73.805466059139,400,200,115000
11357,13192,large,40.77749656801062,-73.80414492857386,400,200,115000
11357,13193,large,40.78544078675328,-73.81394306302603,400,200,115000
11358,13260,large,40.75919691712424,-73.804621967775,400,200,115000
11358,13262,large,40.76983894928908,-73.80085206057014,400,200,115000
11358,13264,large,40.76784489073743,-73.78743385270032,400,200,115000
11358,13268,large,40.757686279710505,-73.78878929184313,400,200,115000
11358,13295,large,40.76153765028144,-73.79725218728214,400,200,115000
11358,13299,large,40.76574267337756,-73.79935277897818,400,200,115000
11360,13361,large,40.77256169242949,-73.78523546634743,400,200,115000
11360,13398,large,40.78704125474356,-73.77304550623819,400,200,115000
11360,13303,medium,40.77076053568475,-73.78888356604173,200,100,95000
11361,13482,large,40.7679488604238,-73.77386875938373,400,200,115000
11361,13485,large,40.76685143176717,-73.77978381202107,400,200,115000
11361,13489,large,40.77015426984847,-73.76719377434979,400,200,115000
11361,13492,large,40.77138644661289,-73.78202912960614,400,200,115000
11362,13507,large,40.7575812226929,-73.73660261213472,400,200,115000
11362,13591,large,40.76628124032431,-73.73105725189049,400,200,115000
11363,13646,large,40.7720062157988,-73.73771343473922,400,200,115000
11364,13784,large,40.75014576967595,-73.75332544827852,400,200,115000
11364,13785,large,40.74451906395928,-73.7501537581467,400,200,115000
11364,13791,large,40.7345891175872,-73.76654001968008,400,200,115000
11364,13798,large,40.75052105338385,-73.75600461984871,400,200,115000
11364,13799,large,40.75162724145399,-73.76425927875972,400,200,115000
11365,13836,large,40.74523766628141,-73.79613706975728,400,200,115000
11365,13838,large,40.74001995837013,-73.79283131185075,400,200,115000
11365,13852,large,40.73158699024674,-73.80096510713179,400,200,115000
11365,13890,large,40.74448410110269,-73.80475263345035,400,200,115000
11365,13891,large,40.73725408002738,-73.79277266574012,400,200,115000
11365,13893,large,40.73730989826806,-73.79695182760028,400,200,115000
11365,13895,large,40.73003800778047,-73.79521892912139,400,200,115000
11365,13896,large,40.73577001026431,-73.79372199785468,400,200,115000
11366,13993,large,40.7193756058121,-73.79523780756546,400,200,115000
11366,13999,large,40.73400551864611,-73.79949340713739,400,200,115000
11367,14001,large,40.72307260990336,-73.8252314327927,400,200,115000
11367,14003,large,40.72329663774027,-73.82266381712782,400,200,115000
11367,14004,large,40.73025060929214,-73.82500691093574,400,200,115000
11367,14006,large,40.71802644035944,-73.81945538154976,400,200,115000
11367,14009,large,40.73637090143325,-73.81136884787836,400,200,115000
11367,14010,large,40.73290559280016,-73.82552182764373,400,200,115000
11367,14014,large,40.7347990290699,-73.8278577863637,400,200,115000
11367,14015,large,40.73226901491371,-73.82754341748017,400,200,115000
11367,14016,large,40.72871507957985,-73.82834306984562,400,200,115000
11368,14140,large,40.751213789337,-73.86383775541842,400,200,115000
11368,14146,large,40.74270566422995,-73.87032117463337,400,200,115000
11368,14151,large,40.73820338804837,-73.85681725214589,400,200,115000
11368,14154,large,40.75513605860379,-73.85331959060525,400,200,115000
11368,14160,large,40.737911061671554,-73.86733204051629,400,200,115000
11368,14163,large,40.749311996350954,-73.85426882920461,400,200,115000
11368,14164,large,40.73602902915497,-73.85211954828559,400,200,115000
11368,14165,large,40.74850012971154,-73.85549206686767,400,200,115000
11368,14167,large,40.73980400307069,-73.8667410916925,400,200,115000
11368,14170,large,40.7488998891324,-73.85744869710788,400,200,115000
11368,14172,large,40.73865352145914,-73.8625851569781,400,200,115000
11368,14176,large,40.752921538439246,-73.86887493285496,400,200,115000
11368,14177,large,40.737984218872896,-73.86991346903945,400,200,115000
11368,14178,large,40.74368183584353,-73.85467606733098,400,200,115000
11368,14180,large,40.74910371816415,-73.85909961968215,400,200,115000
11368,14183,large,40.753405398424576,-73.86214729211247,400,200,115000
11368,14184,large,40.752652356533574,-73.85214715921174,400,200,115000
11368,14185,large,40.74521123800341,-73.85666130026964,400,200,115000
11368,14187,large,40.73766027026933,-73.86561120521554,400,200,115000
11368,14189,large,40.73551617737201,-73.85342432636743,400,200,115000
11368,14190,large,40.74126315677567,-73.85216353966284,400,200,115000
11368,14199,large,40.745709912445975,-73.85394713412622,400,200,115000
11369,14202,large,40.76137031649907,-73.87841401948992,400,200,115000
11369,14299,medium,40.75413946021519,-73.86800341467087,200,100,95000
11370,14396,large,40.755565206522846,-73.89320343798214,400,200,115000
11370,14398,large,40.767800851078576,-73.8889329031066,400,200,115000
11370,14399,large,40.769304566294515,-73.88834989350217,400,200,115000
11370,14334,medium,40.764947462563214,-73.89332937738683,200,100,95000
11372,14409,large,40.75963123773388,-73.8753155062341,400,200,115000
11372,14432,large,40.747457619969175,-73.88108457222788,400,200,115000
11372,14434,large,40.74258030248826,-73.87937313922801,400,200,115000
11372,14458,large,40.7567368980431,-73.8815755472789,400,200,115000
11372,14460,large,40.75499164808845,-73.8865050099164,400,200,115000
11372,14462,large,40.755791996889776,-73.89034248594002,400,200,115000
11372,14463,large,40.75873622352321,-73.8907599592269,400,200,115000
11372,14466,large,40.748112598674325,-73.88691672802747,400,200,115000
11372,14475,large,40.75482196087399,-73.8758002455904,400,200,115000
11372,14479,large,40.75495396909907,-73.88007637837809,400,200,115000
11372,14497,large,40.75043575189918,-73.88116335304244,400,200,115000
11373,14568,large,40.7349275553126,-73.86917381832359,400,200,115000
11373,14569,large,40.73126870590804,-73.86958994116455,400,200,115000
11373,14571,large,40.73781488943009,-73.87815103115787,400,200,115000
11373,14573,large,40.7312203842406,-73.88675056712651,400,200,115000
11373,14575,large,40.74224133129107,-73.87950097979548,400,200,115000
11373,14577,large,40.736721374661485,-73.87712491589922,400,200,115000
11373,14578,large,40.73308284844632,-73.88498689246856,400,200,115000
11373,14580,large,40.74405144500628,-73.87887789423417,400,200,115000
11373,14582,large,40.72630921891316,-73.87184175744567,400,200,115000
11373,14592,large,40.74122962695046,-73.87147773373118,400,200,115000
11373,14593,large,40.740418109523915,-73.87225971855207,400,200,115000
11373,14594,large,40.74065193780329,-73.87541879355575,400,200,115000
11373,14595,large,40.73919254489981,-73.87825847805551,400,200,115000
11373,14597,large,40.72989265805049,-73.88351065535802,400,200,115000
11373,14598,large,40.73240673935085,-73.87821167703821,400,200,115000
11374,14600,large,40.73150524999815,-73.86618411298443,400,200,115000
11374,14603,large,40.721653071320304,-73.86730695172395,400,200,115000
11374,14604,large,40.718116223645225,-73.85235417532277,400,200,115000
11374,14696,large,40.71960552356054,-73.86302724390234,400,200,115000
11374,14697,large,40.73030563042526,-73.85482763085012,400,200,115000
11374,14698,large,40.73667358641272,-73.86317352779908,400,200,115000
11374,14699,large,40.71789710420201,-73.86715988744804,400,200,115000
11375,14778,large,40.71486534394414,-73.84254232436582,400,200,115000
11375,14781,large,40.72844084055638,-73.84866568468018,400,200,115000
11375,14782,large,40.724288903616106,-73.85298705328348,400,200,115000
11375,14784,large,40.720635818710946,-73.85214030771456,400,200,115000
11375,14785,large,40.7201667461001,-73.83760949868432,400,200,115000
11375,14786,large,40.73082731489306,-73.84490988768728,400,200,115000
11375,14788,large,40.71731395216607,-73.84073697275024,400,200,115000
11375,14790,large,40.71918566445284,-73.85304155817285,400,200,115000
11375,14791,large,40.71809413469856,-73.85211988521462,400,200,115000
11375,14792,large,40.72575357149584,-73.84372615258725,400,200,115000
11375,14794,large,40.728345383167515,-73.84393186221935,400,200,115000
11375,14797,large,40.72384516115146,-73.8547220171483,400,200,115000
11375,14799,large,40.72725186089578,-73.85449484718809,400,200,115000
11377,14865,large,40.75474308242258,-73.89870949658702,400,200,115000
11377,14868,large,40.75306233663767,-73.90581613039508,400,200,115000
11377,14871,large,40.739422043877745,-73.90665869214604,400,200,115000
11377,14873,large,40.74829939084758,-73.91253047473337,400,200,115000
11377,14874,large,40.738722581794626,-73.90095312964773,400,200,115000
11377,14875,large,40.75416122383778,-73.89737444859543,400,200,115000
11377,14877,large,40.74642480168397,-73.90430096658628,400,200,115000
11377,14878,large,40.750962889746326,-73.91467261506367,400,200,115000
11377,14880,large,40.73777976951602,-73.89737766124895,400,200,115000
11377,14881,large,40.751416743286384,-73.90457537778971,400,200,115000
11377,14885,large,40.74790933087576,-73.90739819364771,400,200,115000
11377,14886,large,40.7426925967276,-73.89997915840563,400,200,115000
11377,14891,large,40.74884057005487,-73.9093392594535,400,200,115000
11377,14893,large,40.74262812878038,-73.91477076222051,400,200,115000
11377,14899,large,40.75299535210648,-73.91621774027612,400,200,115000
11378,14985,large,40.71594337334093,-73.8932592285541,400,200,115000
11378,14988,large,40.72353431209539,-73.89143962943001,400,200,115000
11378,14989,large,40.725723925101704,-73.9095410581068,400,200,115000
11378,14991,large,40.7301351397328,-73.90120382454847,400,200,115000
11378,14993,large,40.72634709732451,-73.89220816435378,400,200,115000
11378,14998,large,40.71754597003693,-73.89854690035132,400,200,115000
11378,14999,large,40.71549396902695,-73.90484307643523,400,200,115000
11378,14900,small,40.73151066322492,-73.90102762884382,100,50,65000
11379,15063,large,40.72304528773636,-73.87535521448953,400,200,115000
11379,15065,large,40.71820266489557,-73.88454385296355,400,200,115000
11379,15095,large,40.72116222879604,-73.87390593987573,400,200,115000
11379,15098,large,40.71391448356382,-73.88616489242979,400,200,115000
11385,15158,large,40.70923042300896,-73.88883763883226,400,200,115000
11385,15159,large,40.7029671576492,-73.88955301872294,400,200,115000
11385,15160,large,40.69382639830786,-73.89684065480073,400,200,115000
11385,15161,large,40.69804664779171,-73.90075148140264,400,200,115000
11385,15164,large,40.71148305007925,-73.8955981999051,400,200,115000
11385,15165,large,40.70706663540703,-73.89320086535824,400,200,115000
11385,15167,large,40.70624400850129,-73.90462306036288,400,200,115000
11385,15168,large,40.706363672163015,-73.89697014822876,400,200,115000
11385,15169,large,40.70987288852031,-73.9014172276092,400,200,115000
11385,15173,large,40.708212183385086,-73.88741138216857,400,200,115000
11385,15178,large,40.69848834140316,-73.89713034736491,400,200,115000
11385,15187,large,40.7028486377796,-73.89853726129448,400,200,115000
11385,15196,large,40.70748140050531,-73.9054007095709,400,200,115000
11385,15197,large,40.705730646556866,-73.9003305343172,400,200,115000
11385,15198,large,40.700555133536355,-73.89481485314361,400,200,115000
11385,15199,large,40.70570521174529,-73.88739089730744,400,200,115000
11411,15295,large,40.68985137626612,-73.73604774216707,400,200,115000
11411,15299,large,40.695264110375696,-73.74703689474644,400,200,115000
11412,15380,large,40.69918502268681,-73.75387121062171,400,200,115000
11412,15386,large,40.69984806471478,-73.76310716555808,400,200,115000
11412,15392,large,40.68792080142737,-73.76047021061413,400,200,115000
11412,15398,large,40.70510382966419,-73.76742955030879,400,200,115000
11413,15473,large,40.66309503788189,-73.76302948086725,400,200,115000
11413,15484,large,40.65592218198267,-73.7533196133166,400,200,115000
11413,15488,large,40.66133374429822,-73.76252181287529,400,200,115000
11414,15562,large,40.66590229049357,-73.84072186619044,400,200,115000
11414,15563,large,40.66042307385936,-73.853536249715,400,200,115000
11414,15565,large,40.66472147103943,-73.8526705505052,400,200,115000
11414,15596,large,40.66383931287674,-73.85191150128978,400,200,115000
11414,15597,large,40.655112443594085,-73.84300975915208,400,200,115000
11414,15599,large,40.66292890151907,-73.849220992974,400,200,115000
11415,15600,large,40.70191429072157,-73.8259175062986,400,200,115000
11415,15672,large,40.70290723892629,-73.82005447937584,400,200,115000
11415,15698,large,40.69955733609792,-73.82662030662702,400,200,115000
11415,15699,large,40.70103945026536,-73.82317003590092,400,200,115000
11416,15796,large,40.68898422013394,-73.85311436539325,400,200,115000
11416,15797,large,40.68583975034793,-73.84161395435973,400,200,115000
11416,15798,large,40.67800615201848,-73.84678999988552,400,200,115000
11416,15799,large,40.69354995532818,-73.84624474489969,400,200,115000
11416,15716,medium,40.68000854975709,-73.84869744373779,200,100,95000
11417,15855,large,40.68199004276471,-73.84917205866061,400,200,115000
11417,15857,large,40.686829072120624,-73.84978345845151,400,200,115000
11417,15896,large,40.68574821534099,-73.83868179228084,400,200,115000
11417,15898,large,40.6751800341856,-73.83908056535249,400,200,115000
11417,15899,large,40.67844001932236,-73.84227701104155,400,200,115000
11418,15977,large,40.70373378590285,-73.84183621317815,400,200,115000
11418,15978,large,40.6910621295402,-73.8282093723846,400,200,115000
11418,15979,large,40.69253288592263,-73.82935860925005,400,200,115000
11418,15980,large,40.68829525205567,-73.8429363073732,400,200,115000
11418,15997,large,40.69370579555989,-73.83699219207804,400,200,115000
11418,15998,large,40.70699013562927,-73.8286735085769,400,200,115000
11419,16092,large,40.683670126406184,-73.81545291768778,400,200,115000
11419,16093,large,40.69522934817562,-73.830843826182,400,200,115000
11419,16094,large,40.68028461430971,-73.81541889475416,400,200,115000
11419,16095,large,40.68267704655298,-73.83277319838267,400,200,115000
11419,16096,large,40.6953703307466,-73.82010891857072,400,200,115000
11420,16187,large,40.668993103741506,-73.81691487460417,400,200,115000
11420,16191,large,40.673531738915855,-73.82043951200127,400,200,115000
11420,16192,large,40.6716924046086,-73.81990352823016,400,200,115000
11420,16195,large,40.682805165151926,-73.82833031953686,400,200,115000
11420,16199,large,40.67064907815089,-73.8236897720534,400,200,115000
11421,16200,large,40.69983518374519,-73.85427145026136,400,200,115000
11421,16292,large,40.69188242215098,-73.8502611712808,400,200,115000
11421,16293,large,40.686850894196326,-73.85729351151927,400,200,115000
11421,16294,large,40.683206050685754,-73.85962437086377,400,200,115000
11421,16296,large,40.69625960164681,-73.86492053344043,400,200,115000
11421,16297,large,40.69064897181339,-73.8600196940848,400,200,115000
11422,16398,large,40.66650446592472,-73.74362037221658,400,200,115000
11422,16399,large,40.66931945949554,-73.74318422145723,400,200,115000
11423,16461,large,40.70878193423881,-73.77625812129888,400,200,115000
11423,16469,large,40.70979053373735,-73.77349095633609,400,200,115000
11423,16485,large,40.716287658811304,-73.77283956067907,400,200,115000
11423,16475,small,40.72279041010396,-73.76350664081758,100,50,65000
11426,16592,large,40.741868920749766,-73.73132307524531,400,200,115000
11426,16594,large,40.73638535357487,-73.7138536613398,400,200,115000
11426,16596,large,40.72471274095646,-73.72260592109068,400,200,115000
11426,16599,large,40.731338813396654,-73.72732545498413,400,200,115000
11427,16686,large,40.72630182230855,-73.74658871697267,400,200,115000
11427,16689,large,40.72002085917018,-73.75867408345665,400,200,115000
11427,16693,large,40.722448555849816,-73.74925971652253,400,200,115000
11427,16695,large,40.72399753611353,-73.75842451408025,400,200,115000
11427,16697,large,40.72574677357249,-73.74273345497977,400,200,115000
11427,16699,large,40.7288862433434,-73.74440547859874,400,200,115000
11428,16795,large,40.72916631491345,-73.74184876636743,400,200,115000
11428,16799,large,40.720180087695816,-73.73941249547347,400,200,115000
11428,16752,medium,40.71235955998069,-73.74472386688284,200,100,95000
11429,16860,large,40.71699811868543,-73.73911582222743,400,200,115000
11429,16898,large,40.69982961343226,-73.74578672958685,400,200,115000
11429,16899,large,40.70317820383293,-73.73325807933307,400,200,115000
11430,16901,small,40.65433704654518,-73.77310362932688,100,50,65000
11432,17029,large,40.717593282858495,-73.7861677933938,400,200,115000
11432,17083,large,40.716773568849696,-73.79682583309395,400,200,115000
11432,17085,large,40.71762388393358,-73.79783897227293,400,200,115000
11432,17086,large,40.721181353119974,-73.78573333598587,400,200,115000
11432,17087,large,40.70554367124384,-73.78581847404536,400,200,115000
11432,17088,large,40.7154682599778,-73.80151105804947,400,200,115000
11432,17089,large,40.70773321367363,-73.79745150969991,400,200,115000
11432,17090,large,40.71334848062422,-73.79536363752986,400,200,115000
11432,17091,large,40.714650427155085,-73.80256025449616,400,200,115000
11432,17094,large,40.70859294943095,-73.79513201911381,400,200,115000
11432,17096,large,40.71912135665808,-73.79601389990836,400,200,115000
11432,17097,large,40.70862902704093,-73.79234360297065,400,200,115000
11432,17098,large,40.71914458072354,-73.79742376094687,400,200,115000
11433,17170,large,40.698365830092015,-73.78122969483212,400,200,115000
11433,17173,large,40.69449791589609,-73.78649935459981,400,200,115000
11433,17175,large,40.69292903060056,-73.7782466058049,400,200,115000
11433,17181,large,40.703151980344856,-73.77844881630372,400,200,115000
11433,17183,large,40.69956967843836,-73.79289157975894,400,200,115000
11433,17184,large,40.689904380491605,-73.79513809812455,400,200,115000
11433,17199,large,40.68776109209894,-73.78476994439765,400,200,115000
11434,17201,large,40.669815895399935,-73.77306917820985,400,200,115000
11434,17202,large,40.67457871553926,-73.76796617754215,400,200,115000
11434,17203,large,40.66872561813237,-73.77920383811802,400,200,115000
11434,17290,large,40.682462950684744,-73.77797852036984,400,200,115000
11434,17293,large,40.67922242170395,-73.77727325824524,400,200,115000
11434,17294,large,40.67805839653453,-73.78572725963544,400,200,115000
11434,17296,large,40.67833280927337,-73.77146120782197,400,200,115000
11434,17297,large,40.67714386797595,-73.78050211640584,400,200,115000
11434,17299,large,40.67406811874981,-73.78548223721981,400,200,115000
11435,17366,large,40.70469524453639,-73.80276982258887,400,200,115000
11435,17370,large,40.702843849233965,-73.81751871536362,400,200,115000
11435,17371,large,40.69369779444971,-73.81415896105221,400,200,115000
11435,17373,large,40.710091706791005,-73.81668099839334,400,200,115000
11435,17378,large,40.69409645228287,-73.81735474581933,400,200,115000
11435,17379,large,40.697801759720846,-73.8071638429501,400,200,115000
11435,17380,large,40.697997314568376,-73.81323785399788,400,200,115000
11435,17381,large,40.69767704098216,-73.81439755724314,400,200,115000
11435,17382,large,40.699949010473695,-73.80922797217578,400,200,115000
11435,17383,large,40.70956604896452,-73.80586704246154,400,200,115000
11435,17387,large,40.69756474392459,-73.80894317055042,400,200,115000
11435,17388,large,40.70215149467967,-73.80437350115982,400,200,115000
11435,17392,large,40.700181748935215,-73.81056541824546,400,200,115000
11435,17398,large,40.693740579328306,-73.80584259420507,400,200,115000
11436,17400,large,40.68549266140143,-73.7988316840004,400,200,115000
11436,17475,large,40.68344460938885,-73.7928411077678,400,200,115000
11436,17499,large,40.675397864640736,-73.80321349648179,400,200,115000
11691,17509,large,40.5945373405733,-73.75304347106926,400,200,115000
11691,17529,large,40.61010822384747,-73.75983847589649,400,200,115000
11691,17531,large,40.59610552513994,-73.76050100377796,400,200,115000
11691,17538,large,40.59275113169652,-73.76728037917233,400,200,115000
11691,17551,large,40.59249409151527,-73.75807941439153,400,200,115000
11691,17555,large,40.59663920484586,-73.75685733425838,400,200,115000
11691,17558,large,40.592305214345835,-73.75526491074338,400,200,115000
11691,17562,large,40.59291557814615,-73.75922016363626,400,200,115000
11691,17569,large,40.59897465947297,-73.76288063286698,400,200,115000
11691,17571,large,40.59225630121249,-73.7564782008328,400,200,115000
11691,17573,large,40.60152698434655,-73.7497827054308,400,200,115000
11691,17578,large,40.60040922231459,-73.76364663838412,400,200,115000
11691,17583,large,40.59204279867525,-73.75282154732908,400,200,115000
11691,17590,large,40.60744130145941,-73.74858136040372,400,200,115000
11691,17596,large,40.60774772323443,-73.76099472890193,400,200,115000
11692,17600,large,40.59441492065513,-73.80166467362461,400,200,115000
11692,17601,large,40.5838377214962,-73.78665762091899,400,200,115000
11692,17698,large,40.59158659742321,-73.78791622778616,400,200,115000
11692,17699,large,40.60216143181353,-73.80197750294371,400,200,115000
11694,17800,large,40.57289328783022,-73.8517972000083,400,200,115000
11694,17897,large,40.57168161627485,-73.85129853016227,400,200,115000
11694,17898,large,40.579490866550024,-73.84387682623282,400,200,115000
11694,17899,large,40.586375215056265,-73.83765086607767,400,200,115000
